Unique Word,Comments
attractions,it was very quick and reactive
attractions,It was interactive
attractions,very helpful to move around like this
attractions,I had control over where to go
attractions,this is interactive.
attractions,I like all the interactions that you can do by clicking just from your screen
attractions,NICE AND INTERACTIVE
attractions,It gave me actual movies of doing things.
attractions,this is a decent selection of areas to explore
attractions,The interface makes sense and is good at being low-profile.
attractions,"A great deal of ease, no problems doing what I wanted"
attractions,open for anyone
attractions,I love the frame rate
attractions,"Lighting was nice, everything was bright and filled with colors"
attractions,It was relaxing
attractions,"Considering I could probably spend a few days, just on this virtual tour, then there's no shortage of things to actually see, when I'm there."
attractions,Opulent
attractions,attractive
attractions,It was well done
attractions,The tour was excellent
attractions,this is really neat
attractions,generally well done
attractions,high quality
attractions,Fantastic!
attractions,I love this!
attractions,It is high tech
attractions,I'd like to use this tool to explore other places.
attractions,The VR was high quality
attractions,The VR was thorough
attractions,high quality
attractions,better than paper catalog
attractions,Ritzy
attractions,Well made.
attractions,Well thought out.
attractions,vr is awesome
attractions,Captivating
attractions,Breathtaking
attractions,The key provided helps you determine what you want to click on.
attractions,this is a new viewing experience of dubai for me
attractions,Quality was good
attractions,I think VR is a great tech
attractions,The GUI ( Graphical User Interface ) seems very appealing.
attractions,Sleek
attractions,Robust
attractions,Nice
attractions,Overall the virtual tour worked very well.
attractions,Accurate
attractions,Satisfying
attractions,QUALITY
attractions,its impresive
attractions,everything seemed well maintained
attractions,everything was well lit
attractions,Was put together well
attractions,I love virtual tours like this
attractions,It worked as described
attractions,I could see a part of the world I normally would not be able to see
attractions,"I wonder if you can ""VR tour"" other places with this website."
attractions,It can be used to provide valuable medical services such as remote consultations.
attractions,It's incredibly thorough and comprehensive
attractions,So much to see
attractions,it was nice to see such a variety of locations
attractions,diverse landscapes shown
attractions,showed muplitple places instead of just one
attractions,it showed a wide variety of places
attractions,There were a lot of things to look at within the tour
attractions,There are so many places to check out.
attractions,there were a variety of areas shown in the tour
attractions,there were lots of places to click on
attractions,I could see many places
attractions,It has a lot of the views you would actually want to go to.
attractions,It allowed me to travel to many locations.
attractions,I thought it showed some a lot of space
attractions,diverse attractions
attractions,there were alot of options to choose to visit
attractions,lots of destinations to look at
attractions,The video shows a variety of locations and places to explore.
attractions,How extensive the scenery was covered
attractions,It showed various aspects I'd the area that I was interested in.
attractions,Huge variety of attractions
attractions,There were a lot of areas to explore.
attractions,Lots of information about different attractions and locations in Dubai
attractions,I can view notable and important places
attractions,many attractions to choose from
attractions,A lot of places to look around
attractions,So much to do
attractions,lots to do
attractions,lots to see
attractions,There is a lot to see
attractions,Informative
attractions,Informational
attractions,It was informative
attractions,Very informative
attractions,informative
attractions,Informative
attractions,informational
attractions,It’s informative
attractions,Informative
attractions,it was informational
attractions,Great preview of Dubai
attractions,I can get a sense of the landscape.
attractions,I can see a full sweep of things.
attractions,Like traveling without having to leave my house
attractions,It gave a good view of the landscape and what the city looks like
attractions,it helped me get an idea of what the city looks like
attractions,get a sense of the scenery from a balcony view
attractions,Get a good idea of views
attractions,It showed sights
attractions,It seems to give a good idea of what it looks like in person
attractions,This medium provides an avenue for exploration.
attractions,I could get a sense of what the places looked like on the ground
attractions,Covers a good amount of Dubai
attractions,It's nice to be able to see Dubai
attractions,It helped set an idea on what Dubai will look like
attractions,I can get a very clear idea of what visiting Dubai would be like
attractions,I was able to get a sense of what was around there.
attractions,Gives you the feel of the place
attractions,you get to see how the place looks like
attractions,I can see a place that I have never been before
attractions,Can see it before you ever get to go to get a feel for it.
attractions,You see the landscape that you wouldn't be able too before.
attractions,EASY TO FORM AN OPINION OF THE AREA
attractions,good idea of how “big” it is
attractions,It was enlightening to see what Dubai looks like
attractions,it gives you a sense of what the city is like
attractions,Helpful
attractions,It was helpful
attractions,It is helpful
attractions,helpful
attractions,Quite useful
attractions,useful
attractions,Useful
attractions,Helpful
attractions,This is very useful
attractions,Helpful tool to explore
attractions,Insightful
attractions,very useful
attractions,It was helpful to see the top destinations
attractions,Helps to understand new area concepts
attractions,Increase knowledge area.
attractions,The VR tour gives a good idea of the layout of the city
attractions,educational
attractions,helps to see attractions
attractions,Felt like I was learning
attractions,"Helps to understand complex concepts, subjects, or theories."
attractions,Increase knowledge area.
attractions,It gave me a look into something I didn’t know much about
attractions,It let me see a lot of a place without going there
attractions,My view about Dubai has improved after taking the virtual tour.
attractions,I was able to gain an understanding of the layout.
attractions,The top over view gave me a better idea of how the environment was and which natural wonders I could potentially visit.
attractions,I can tell the quality of the beach
attractions,Able to see that it's a modern city
attractions,list of locations that are useful
attractions,The VR tour gives good insight into what there is to explore in Dubai.
attractions,See how walkable the location is
attractions,I felt I got a good feel of what the locations looked like
attractions,It is nice to be able to see the locations as they would appear in real life.
attractions,Check out a place before you go in real life
attractions,Good for planning itenerary
attractions,It really allowed me to explore places that I would have considered if I was there
attractions,A good way to pick where you want to stay and which attractions will be close
attractions,It makes for a great guide on what to do if you actually visit Dubai.
attractions,can do a quick tour to find out where you want to take the time to go to when you are actually there
attractions,It would be easy to reference items you click on and check them against tour books etc. to help plan your trip and specific tourist attractions.
attractions,I got a sense of how to get around
attractions,it helps to see where to go
attractions,It showed me what types of food I will come to expect
attractions,"I feel like I am actually walking around, which gives me idea of my travel plans"
attractions,Can be helpful for planning trips
attractions,it could help plan vacations
attractions,It gave ideas for activities
attractions,It showed me what fun things I could do in Dubai
attractions,It's a good way to find accomodation.
attractions,I liked being able to actually go into the hotel lobby and get an idea of where I might stay if traveling there
attractions,I liked being able to see the unique architecture
attractions,Able to see architecture in the city
attractions,Very nice architecture
attractions,the interface is well designed
attractions,Easy to use
attractions,It's very easy to use
attractions,Easy to use interface
attractions,easy to use
attractions,This is pretty easy to use.
attractions,Convenient
attractions,It was easy to use
attractions,Liked how easy it was for mobile
attractions,It is easy
attractions,Convinent
attractions,Easy
attractions,Easy to use
attractions,It is very easy to make use of virtual reality to get to know Dubai.
attractions,easy to use
attractions,Easy to use
attractions,easy to use
attractions,easy to use
attractions,easy to use
attractions,Very easy to use
attractions,very easy to use
attractions,Convenient
attractions,The UI is very clean and easy to use
attractions,Accessible
attractions,easy to use
attractions,made it easy
attractions,"It's easy to use. I knew I could click, but I chose to just key the video play so I could take in the whole scene."
attractions,It was easy to use
attractions,The GUI is also easy to use.
attractions,very easy to use
attractions,Easy to use
attractions,Easy to use
attractions,easy to use
attractions,Easy to use
attractions,I thought the interface was easy to use.
attractions,Ease
attractions,Convenient
attractions,Easy to use
attractions,It was easy to use and intuitive.
attractions,easy to use
attractions,Simple
attractions,ease of use
attractions,intuitive
attractions,The UI was easy to use generally
attractions,easy to use
attractions,easy to use
attractions,The tour guide was incredibly helpful
attractions,helpful vr usage guide
attractions,I would like to self-guide the tour
attractions,I liked the tutorial int he begining
attractions,Expands learners efficiency to gain knowledge
attractions,"It is an efficient way to learn new skills, as students can take online courses and workshops."
attractions,Save money
attractions,Convenient way to travel
attractions,Sensitivity to directional prompts (accuracy)
attractions,This is smooth and easy to use
attractions,the movement was steady
attractions,the transition was smooth
attractions,"tech was smooth, no glitching or unresponsive links"
attractions,it didnt have any distortion or lag
attractions,Smooth
attractions,moves at the right speed
attractions,the VR went at a nice steady pace
attractions,The navigation is smooth and quick
attractions,fast speed/no lagging movement
attractions,It moved in a consitient manner
attractions,The camera movement is just the right pace.
attractions,no lag or glitches
attractions,Everything is very fluid
attractions,It didnt lag
attractions,it seemed to run smoothly
attractions,Smooth pans across screen when moving
attractions,Smooth speed
attractions,No lag
attractions,Moving around was seamless
attractions,Navigation was easy and smooth
attractions,ran smoothly
attractions,predictable movement
attractions,The tour did not move too fast.
attractions,i can zoom out and see everything quickly
attractions,Zooms in to quickly
attractions,able to provide feedback quickly if needed
attractions,It was quick
attractions,Fast
attractions,Everything moves quickly
attractions,I was impressed by the snappy loading times.
attractions,The HUD was well done and responsive
attractions,It's nice to be able to move around quickly
attractions,Easy navagation
attractions,ease of movement
attractions,the controls were easy to use
attractions,I'm able to click easily on places I'm interested in.
attractions,I thought the controls were very intuitive and I was easily able to move around the scene.
attractions,It was easy to navigate between destinations
attractions,easy to navigate
attractions,Easy to navigate
attractions,This is very easy to navigate
attractions,Very easy to spot resorts
attractions,easy to navigate proccess
attractions,It is easy to navigate
attractions,it's so easy to navigate to other areas
attractions,Easy navigation
attractions,The website was easy to navigate
attractions,easy to navigate
attractions,Easy to move around
attractions,Easy to Navigage
attractions,It was easy to select places of interest and navigate to then
attractions,easy navigation
attractions,It was easy to navigate
attractions,easy interface to click and view
attractions,Liked being able to move around quickly
attractions,Easy to jump from one location to another
attractions,easy to jump from spot to spot
attractions,The video scenes went very slow.
attractions,moved slowly
attractions,nice slow pace
attractions,The slower movement allowed me to really look at things
attractions,It moved slowly so you could view what you wanted to
attractions,Pan was slow to allow for maximum enjoyment
attractions,Very slow and thorough pace
attractions,Easy to understand
attractions,clear instructions
attractions,easy to understand with names
attractions,I thought the instructiveness of the site was decent enough.
attractions,It's simple and easy to understand.
attractions,Easy to understand
attractions,the controls were intuitive
attractions,Easy to control
attractions,The controls were easy to use
attractions,The controls were very intuitive.
attractions,Easy interaction
attractions,It seems user friendly
attractions,Interface was user friendly
attractions,"I like the flexability of viewpoints, at areas of interest"
attractions,many choices
attractions,The site features great interactive tools
attractions,Lots of tools
attractions,There were many things to click on/look at
attractions,Options for exploration
attractions,there are a lot of features to explore in this!
attractions,Able to wander around to a lot of locations within the attractions
attractions,Lots of options to use
attractions,Variety of photos
attractions,There are a lot of options
attractions,There was a lot of luxury on display
attractions,The number of interaction spots available to explore
attractions,I like the amount of buttons
attractions,I was able to see attraction options to choose from
attractions,It looks like Venice at night
attractions,I liked seeing the sites at night
attractions,I liked the highlights spots indicating you could click on them
attractions,seeing the highlights of this country makes me want to visit there.
attractions,pin pointed specific recommended spots
attractions,Tabs to show specific highlights
attractions,I enjoy being able to click on popular destinations.
attractions,Easy to see all the highlights
attractions,Highlighted important locations
attractions,Good markers for points of interest
attractions,Showed highlights
attractions,good descriptions
attractions,It's nice that there are tags/a key marking the area
attractions,Being able to click on landmarks and get info
attractions,Having landmarks noted helped draw the eye
attractions,I like all the icons leading to points of interest
attractions,dream jump has a video i can click and look at the experience
attractions,My favorite and most interesting was being able to click on attractions for greater detail
attractions,Helpful labels
attractions,The landmarks were well marked
attractions,Having icons to click for different attractions made it easy to jump around.
attractions,The color coding of the various aspects of the tour would make it easy to distinguish things from a distance.
attractions,Clicking the attractions and going there was nice.
attractions,"The explore button was very handy, making it easier to find locations."
attractions,I enjoyed seeing landmarks while im in the air
attractions,A lot of options for places to explore
attractions,It’s cool you can click around
attractions,I like being able to use my mouse and arrow keys.
attractions,I like being able to click and go straight to a location
attractions,Better than a picture because it moved around
attractions,Way points to navigate to
attractions,I like that you can use the keyboard to look around
attractions,Freedom of looking around using Virtual Reality
attractions,The fact I could move the camera around during the timelapse is blowing my mind!
attractions,Its really nice being able to move around 360.
attractions,I could see how it could feel like I could control my tour
attractions,It seems to offer many controls and possibilities to look at Dubai as compared to just looking at photos online before traveling
attractions,I can choose what I want to see
attractions,The actual the recordings of events you could do like skydiving.
attractions,"Awesome, you can watch clips!"
attractions,"I loved how deep it was, particularly with the time lapse videos"
attractions,i liked time lapse
attractions,I liked being able to search for specific destinations
attractions,I appreciated the search feature.
attractions,I like that one feature where you're above the city and it shows a day to night cycle.
attractions,It showed the beauty of Dubai in both the daytime and nighttime.
attractions,day/night view
attractions,I like the variety of views available
attractions,Good variety of views
attractions,i liked how you can go inside and outside
attractions,Scenic from every location
attractions,The video showed both indoor and outdoor views.
attractions,Great variety of views
attractions,Liked being able to see interior and outer spots
attractions,I liked how the camera would move and show all angles
attractions,There were a lot of options to look at
attractions,there were a wide variety of shots
attractions,It gave a full view of each place
attractions,It was better than viewing still pictures
attractions,Sneak peak of mutiple vistas!
attractions,Nice camera levels
attractions,Good view points
attractions,A variety of scenes were presented
attractions,I liked being able to shift the perspective.
attractions,"It's nice to be able to see a wide, full shot of a location"
attractions,Some places had videos to play
attractions,HOLLISTIC VIEW OF THE TOWN
attractions,"Various types of media (still pictures, time lapse, etc)"
attractions,Liked the videos in 360
attractions,I liked the ability to rotate 360 degrees in all images
attractions,I liked the panoramic panning
attractions,360 degree view
attractions,See a 360 view
attractions,I like that there is a 360 view of everything
attractions,Good features (360 view)
attractions,really enjoyed the tour mode option
attractions,Enjoyed how there was automatic tours
attractions,The zoom feature worked well to examine areas of interest more in detail
attractions,I wanted to zoom in a lot.
attractions,Zoom function was helpful to read signs
attractions,Amazing views
attractions,The view was amazing
attractions,it was shot from great angles
attractions,It provide a great visual view of the city itself
attractions,View was good
attractions,It showed the sights nicely
attractions,the angles were nice
attractions,good views
attractions,have a good view
attractions,I liked the ability to see birds eye viewpoints
attractions,i like the ability to look at english translations
attractions,it seemed 3 dimensional instead of just looking at an image on the screen
attractions,I liked that you can see what it looks like in that city at current times.
attractions,All buttons seem to work as intended.
attractions,I can see clear labels delineating the type of establishment I am viewing.
attractions,I like that it's like a full panoramic view.
attractions,I like the zoom feature and the panoramic view of the city
attractions,Panoramic viewpoints
attractions,Extensive views of the areas
attractions,everything looked spacious
attractions,The view afforded by drones was impressive.
attractions,Watching timelapses from rooftops
attractions,Aerial shots are nice
attractions,the aerial view of the city was breathtaking
attractions,The fly over gave the scale and breath of the city
attractions,Enjoyed areal views especially
attractions,I liked the aerial views
attractions,Loved the head level photos
attractions,The hub mode to easily go back to the helicopter view was nice.
attractions,Liked being able to see sky views
attractions,I liked how you can view the hotel view from high up in the air.
attractions,The Atlantis Hotel with all of the rooms and private viewing of the rooms or building.
attractions,inside view
attractions,Inside of the mall your cool
attractions,The inside of the building showed amazing architecture.
attractions,Street view allowed a good look into what the society looks like if I were to visit
attractions,It gave me street views of the location.
attractions,new
attractions,Up to date
attractions,new to me
attractions,everything looked up to date
attractions,everything looked very new
attractions,new
attractions,Futuristic
attractions,Comprehensive
attractions,Comprehensive
attractions,It played fully.
attractions,I enjoyed how professional the tour was and how well it was set up
attractions,The scenes were amazingly put together
attractions,The site looks polished and finished.
attractions,I thought they picked really good places to show
attractions,Selected images were nice
attractions,The pictures they picked for the venues were nice
attractions,Captures the beauty of Dubai
attractions,good colors
attractions,The colors were vibrant.
attractions,Colorful
attractions,Colorful
attractions,The colors were vibrant and clear. Good cameras.
attractions,Love the pop of color
attractions,colorful pictures
attractions,It had some colorful images of the waterfront hotel
attractions,I loved that the colors were nice and bright
attractions,Colorful
attractions,The gigapixels from the Burj Khalifa were incredible. The detail on the whole panorama was amazing!
attractions,Very detailed
attractions,The ability to see things in detail that I will never see in person
attractions,lots of detail
attractions,I love the attention to detail
attractions,it is really detailed
attractions,The images were very detailed
attractions,Very detailed 360 degree photos
attractions,The VR was highly detailed
attractions,Really detailed
attractions,detailed description
attractions,you got to see a lot of things in detail
attractions,I was not expecting such detail and so many options
attractions,This is very detailed.
attractions,Very detailed imagery
attractions,Very detailed
attractions,Detailed
attractions,Very detailed
attractions,very detailed
attractions,ultra vivid images
attractions,Vivid
attractions,bright
attractions,bright
attractions,Lots of sunlight
attractions,I liked the lighting.
attractions,It gave great visuals
attractions,Allows me to see the beauty
attractions,Visually compelling
attractions,get a real good visual
attractions,looks very pretty
attractions,It was visually appealing.
attractions,Great visual perspectives
attractions,Glamorous
attractions,pretty visuals
attractions,It looks so good.
attractions,it looks stunning
attractions,Pretty
attractions,Breathtaking
attractions,pretty
attractions,visually pleasing
attractions,Good looking
attractions,Great view
attractions,Beauty
attractions,the visuals were very attractive
attractions,It was pretty
attractions,it was very pretty
attractions,Attractive
attractions,wow this is pretty
attractions,Scenic
attractions,It’s very pretty
attractions,Pretty
attractions,Visually appealing
attractions,the ocean
attractions,The water was stunning
attractions,pretty ocean view
attractions,Nice viewpoints of some desirable areas
attractions,stunning views
attractions,Stunning views... I wish I could virtually travel all over the world
attractions,The tour view was nice to just sit back and watch
attractions,Some of the scenes it showed were very pretty.
attractions,showed beauty of Dubai
attractions,the images were high quality
attractions,Good quality of photos
attractions,Nice photography
attractions,The graphics are phenomenal
attractions,The pictures were high quality
attractions,picture looked really great
attractions,High-quality graphics
attractions,Nice images
attractions,Good quality video.
attractions,I loved the high quality photography
attractions,High res images
attractions,good quality image
attractions,good graphics
attractions,Good photos
attractions,the video was high quality
attractions,high quality photos
attractions,the photos were of high quality
attractions,There were quite hi-res photos taken of various places
attractions,Excellent Images
attractions,The shots used were nice
attractions,high quality video
attractions,The images were really high quality even when zoomed in
attractions,High quality visuals
attractions,The images are so crisp and seamless.
attractions,Quality of pictures is great as well!
attractions,great quality photos
attractions,High quality graphics
attractions,High Quality Graphics
attractions,Good graphics
attractions,Good video quality
attractions,The quality of the images was high.
attractions,Some of the images were nice looking
attractions,I also enjoyed the picture quality.
attractions,The quality of images was really good
attractions,Quality of images was excellent
attractions,high-quality images
attractions,The video quality was very good.
attractions,The high resolution images were impressive
attractions,good resolution
attractions,Very high resolution
attractions,Good resolution.
attractions,Crisp resolution
attractions,It was high resolution
attractions,great quality vr graphics
attractions,nice resolution
attractions,Very high def
attractions,The images were clear
attractions,clear photos
attractions,the pictures where clear
attractions,It was very clear video
attractions,Very clear images
attractions,The images are crystal clear.
attractions,clear images
attractions,clear views
attractions,The image quality is really clear
attractions,it was clear and concise
attractions,The picture was crisp.
attractions,video was clear
attractions,clear views
attractions,Clear
attractions,clear image
attractions,The video is clear.
attractions,Clear
attractions,clear picture
attractions,Clear image
attractions,I thought that the images were very sharp and clear
attractions,Clear
attractions,Images are very clear
attractions,Clear images
attractions,clear picture
attractions,Very clear picture
attractions,Clear images
attractions,I enjoyed how clear the images were.
attractions,The video quality is high and the image is clear.
attractions,the picture was very clear and lifelike
attractions,the images were clear
attractions,very clear
attractions,Clear images
attractions,"Clarity in the picture, even when zooming"
attractions,Video images were clear
attractions,I can see the place clearly
attractions,The views are very clear
attractions,Clarity
attractions,Video clarity was very good.
attractions,clear
attractions,How clear images were
attractions,it was clear
attractions,clear view
attractions,neat
attractions,Clean street scenes
attractions,Looked clean
attractions,The scenery is clean and attractive
attractions,clean
attractions,It was very clean
attractions,clean
attractions,how clean it is
attractions,Very clean
attractions,I think the aesthetic is neat
attractions,everything was clean
attractions,Neat
attractions,Clean
attractions,Clean
attractions,clean
attractions,I enjoyed seeing the waterline
attractions,"I am really enjoying exploring on this interface, more than google maps or street view"
attractions,Enjoyable
attractions,enjoy from anywhere
attractions,I enjoyed seeing the city of dubai
attractions,Enjoyable
attractions,Exotic
attractions,Exotic
attractions,unique
attractions,unique
attractions,Time went by quickly while using the tool
attractions,It's easy to lose track of time because the video is so fun.
attractions,a sense of warmth came over me as I pictured me and my family and friends visiting.
attractions,not frenetic
attractions,Videogame-like
attractions,It was like a sweet dream.
attractions,Seems quiet
attractions,I liked the atmosphere.
attractions,it could provide entertainment for people who don’t want to travel but would like to see various places across the world
attractions,City looked nice
attractions,fancy shopping center
attractions,The beach looks fun to visit
attractions,Zooming into destinations was fun
attractions,This is fun to use.
attractions,It was simple and and fun to use.
attractions,It's fun to imagine other places but this is far better.
attractions,A moment of enjoyable fear came over looking at the 360 views but left me wanting more.
attractions,navigation was fun
attractions,fun
attractions,Had fun a lot
attractions,It seems like a fun place to celebrate success in life
attractions,Fun to fly around
attractions,Fun
attractions,It was fun to play around with
attractions,It looks like alot of fun just from the VR
attractions,fun
attractions,it was fun
attractions,It was fun
attractions,Fun
attractions,"The ""tour mode"" is nice and relaxing."
attractions,relaxing
attractions,"Calming, serene experience"
attractions,This entire experience is relaxing!
attractions,Relaxing atmosphere
attractions,Relaxing
attractions,This is a very relaxing experience
attractions,"It can help to boost mental health, as it can be used for relaxation and mindfulness."
attractions,It's a very calming experience.
attractions,this makes me feel more at ease regarding my anxiety of visiting unknown places
attractions,Everything seemed calm and peaceful
attractions,It also allows more comfort when visiting certain places.
attractions,It was relaxing
attractions,Not loud or obnoxious
attractions,It was relaxing
attractions,very relaxing
attractions,the palms were relaxing to look at
attractions,This is so intriguing!
attractions,amusing
attractions,Adventurous
attractions,Adventurous
attractions,Adventurous
attractions,The quality of the realism of the images is impressive.
attractions,"The graphic visuals are impressive ""lifelike"""
attractions,This is amazing!
attractions,Great experience watching those juys jump off the tower.
attractions,amazing experience
attractions,impressive
attractions,Amazing
attractions,That was amazing. Wow.
attractions,The VR tech is amazing
attractions,Amazing
attractions,amazing
attractions,I would like to learn more
attractions,I would try it again
attractions,curious
attractions,looking at all the places to visit peeked my interest.
attractions,It did make me want to check out the spaces
attractions,Very inviting
attractions,I would like to explore more
attractions,I wish I could explore more
attractions,Really neat and I want to look at it more
attractions,The VR made it feel like I could learn much more about the culture of the city.
attractions,I want to see more of the city and the other areas around the city
attractions,Inviting
attractions,cool way to see country
attractions,Wow!
attractions,Cool
attractions,cool
attractions,this is really cool
attractions,Cool tech
attractions,WOW!
attractions,Pretty cool to show things so clear
attractions,It was cool to see the city of Dubai
attractions,seeing ground level was cool
attractions,Cool that this is available to use
attractions,It was cool to see a place I might never visit.
attractions,This is a really cool tour
attractions,VR brings cool opportunities to people
attractions,It's cool
attractions,Wow
attractions,it looks very cool
attractions,It was really cool to feel like I could explore
attractions,It’s cool to see where you can’t be
attractions,Cool
attractions,innovative
attractions,Innovation
attractions,Innovative
attractions,Innovation
attractions,innovative
attractions,innovative
attractions,Much better than just a photo
attractions,Its a good way to tour Dubai
attractions,Explore far away places
attractions,A great way to get a feel for the city
attractions,Gratitude for the chance to at least visit virtually
attractions,Good chance to see the city
attractions,Great way to visit without going there
attractions,Currently this is a great advantage that tourists have to visualize certain destinations in the world.
attractions,Accessible for people with disability or the inability to travel
attractions,this is the future of viewing places to visit.
attractions,I'd never get to experience Dubai without going there in person without it
attractions,Seems more advanced than people might think
attractions,It allows people to experience new places and events from the safety and comfort of their own homes.
attractions,It can be a great way to explore art and culture without having to travel.
attractions,I just love how far we have come to be able to explore a city that most people will never afford to visit.
attractions,It was exciting
attractions,Travel without leaving Home
attractions,Exciting
attractions,Much better then photos alone
attractions,Exciting
attractions,It is a way of knowing places without having physically visited them.
attractions,So real and makes me feel like I am there
attractions,It really feels like I am almost there.
attractions,Realistic
attractions,It almost felt like physically being there
attractions,it seemed real
attractions,gives a good feel for the physical space
attractions,Life-like
attractions,the layout seems to be to scale and exactly the same layout as the city of Dubai.
attractions,realistic viewpoints
attractions,realist feel
attractions,it felt so real
attractions,Realistic
attractions,seeing thing as if you are there
attractions,It is like an in person google maps
attractions,It felt like I was there since there were not people in the pictures like most online videos.
attractions,It was easy to imagine yourself there
attractions,close to reality
attractions,It is like a real visit.
attractions,gives a feel for what it is like to be there
attractions,Very realistic
attractions,The VR is very life like
attractions,"the water was inviting, I could see myself on the beach"
attractions,It’s realistic
attractions,It looks exactly how it would in person
attractions,it made me feel like i was riding a dirt bike in the desert
attractions,Realistic
attractions,It allowed me a realistic tour
attractions,Felt immersed
attractions,It is easy to feel immersed in this experience.
attractions,It felt really immerse when I was exploring
attractions,I felt like it wasn't virtual.
attractions,I was very caught up in what I was seeing
attractions,it felt like I am traveling in reality - wow
attractions,it felt like i was actually there
attractions,This looks like I am there right now.
attractions,You could imagine being in the spaces.
attractions,as if you are on the ground there
attractions,Excellent immersion
attractions,Felt like I was actually standing in the street
attractions,I really felt like I was there
attractions,I felt immersed in the images
attractions,I felt like I was there.
attractions,It is very detailed and interactive so it feels like you could be in the place itself (e.g. a hotel room)
attractions,I felt like I was visiting the museum
attractions,It felt like I was there touring the city.
attractions,it feels like I am there looking around
attractions,Feels like you’re really there
attractions,Slow to be immersed
attractions,Felt like I was there
attractions,It feels like turning your head to look around because of the way the footage is shot
attractions,It helps you to feel like you're actually present at the location
attractions,It gave me a feeling of being there.
attractions,Made it feel as it you was there
attractions,It made me feel present
attractions,I felt as if I was really inside the shopping malls and hotel lobbies.
attractions,It felt like I was in Dubai
attractions,Excellent quality - sense of being there.
attractions,It feels like I am really there
attractions,It makes you feel like your actually there.
attractions,It's really cool to feel like I'm actually there.
attractions,It feels like you are there.
attractions,it makes you feel like you are actually there
attractions,I can feel like your actually there
attractions,not crowded
attractions,People enjoying themselves
attractions,Nice scenery
attractions,So many majestic hotel options
attractions,architecture is amazing.
attractions,That island design.  I can't believe this is all man made
attractions,the weather looks amazing
attractions,Seemingly no traffic
attractions,There was barely any traffic
attractions,Perfect weather
attractions,There is a lot of water moving
attractions,I really like the beaches
attractions,the walkway around the beaches
attractions,It showed some of the cultural places that are available to visit.
attractions,the amount of attractions is large
attractions,Surrounded by vast waterways
attractions,Land layout is unique
attractions,Water looks nice
attractions,The weather seemed perfect
attractions,How I would enjoy a boat ride around the islands.
attractions,How nice the air would smell
attractions,Love the scenery and locations
attractions,Nice beach
attractions,I liked seeing the Chihuly glass exhibit
attractions,"Despite the desert locale, the city felt cold/stark."
attractions,The city looks like a Marvel movie
attractions,it would be cool to visit here one day
attractions,Nice living pace
attractions,It looked so pretty at night time.
attractions,"That hotel, Atlantis, is amazing."
attractions,The skyline is wild.
attractions,Concrete jungle feel when outside
attractions,The culture looks nice when inside
attractions,It had some striking images of the architecture in a mall
attractions,That looks like an unusually clean city.
attractions,"Dubai has a lot to do, based on this tour!"
attractions,I like the scenery
attractions,The city looked modern
attractions,"It contains many popular landmarks and hotels that would be of interest to tourists (e.g. beaches, hotels)"
attractions,Great views of the water
attractions,i can't believe there's an art gallery
attractions,the sun is out and looks warm
attractions,"whoa, the city looks so vast and large"
attractions,The grandiose-ness of the city
attractions,The hotels were easily recognizable.
attractions,There were many historical and cultural places that I could visit.
attractions,The weather looked nice
attractions,There are many places that look fun to visit
attractions,everything was large scale
attractions,the vistas were grand
attractions,I can't believe its mostly man made
attractions,it looks more westernized than I thought
attractions,the architecture is fantastic
attractions,the mall is huge
attractions,Awesome landscape
attractions,Tourist town with many things to see
attractions,Intigued by first scene
attractions,Wanting to visit the museum
attractions,Nice places to view
attractions,Gorgeous scenery
attractions,a lot of art work and culture
attractions,doesn't look too crowded
attractions,Gorgeous architecture
attractions,Advanced city
attractions,Upscale living
attractions,The views over water were stunning
attractions,Visit unique places and not just sceneries
attractions,The scenes were pretty
attractions,hotels looked like museums
attractions,It made me want to go to Dubai even more
attractions,none
attractions,none
attractions,none
attractions,none
attractions,"thats it I only had 1 positive thought, the first one it was clunk and poorly done worse than google maps"
attractions,it appears to be expensive
attractions,looks very expensive
attractions,"the aerial view is easier to see everything, but doesn’t make me feel like im actually there"
attractions,looks expensive
attractions,the video time lapse from the Burj Khalifa was low quality and had annoying audio
attractions,some of the videos were laggy
attractions,I wish I was able to view it full screen
attractions,It was a little stark
attractions,boring
attractions,slow
attractions,uninteresting
attractions,Its empty where are the people
attractions,where are the markets
attractions,Expensive
attractions,the icons were sometimes crowded
attractions,I wish there was more attractions to look up.
attractions,Boring
attractions,I couldn't go full screen.
attractions,If there was sound I didn't hear any.
attractions,In at least one of the videos it gave sound of the person enjoying the experience.
attractions,"Control was counterintuitive to where I was trying to go, though once I figured it out it was consistent."
attractions,The aerial views could be stunning if aligned properly
attractions,Why was the video so tiny?
attractions,"I didn't get a real experience, viewing on my laptop as opposed to actually viewing in VR."
attractions,I imagine this was a lousy video and that there are many better ones so won't judge on this one.
attractions,can't use the pin point to see what's in it
attractions,its too far away
attractions,It seems it would be hot
attractions,The streets look very barren
attractions,I wish I had more interaction
attractions,So long ago we couldn't do any of these things
attractions,Maybe if it were magnified it would be more impressive.
attractions,Not the same as being there.
attractions,everything looked almost empty
attractions,I clicked the bubbles of areas but nothing happened
attractions,Confused by second screen
attractions,"There weren't as many shop, restaurant locations as I was expecting"
attractions,It does the opposite of what you tell it to
attractions,It doesn't show you how hot it is there
attractions,The controls are terrible
attractions,Controls are difficult
attractions,I think the images couldve been color graded more
attractions,I think the website could better display on the home page picture of cool places
attractions,I think there couldve been better images shown to show just how cool dubai is
attractions,i wish it was a bit more interactive like google maps
attractions,Not as interactive to use with trackpad
attractions,The thumbnail photos arent great
attractions,Looks great at night
attractions,The feeling of being there when not
attractions,engaging
attractions,showing hotels
attractions,I didn't know youtube had this
attractions,I wish I could put myself in that location.
attractions,more water than I thought
attractions,loves seeing the burj khalifa
attractions,It's clear that a lot of work was put in the tourism in Dubai.
attractions,have to be in well planed area
attractions,Lengthy
attractions,How much does all this cost?
attractions,it's like google maps
attractions,The tour reminded me of Google street view
attractions,"It can make education more accessible, as it can be used to deliver lectures and classes to remote areas."
attractions,The same amount of time was spent in each location
attractions,gave options that were easy to navigate
attractions,I could feel some kind of satisfaction.
attractions,It gave me a good idea of how congested things were.
attractions,Expansive
attractions,It highlighted the diversity
attractions,Art lovers dream
attractions,landscape view
attractions,Nowadays this kind of technologies play a very important role for the society.
attractions,Modern
attractions,It’s accurate
attractions,Accurate
attractions,I wanted to be there
attractions,It was intuitive
attractions,engaging
attractions,It was like a doll house
attractions,Adequate
attractions,Current
attractions,Wasn't too long.
attractions,Scenery
attractions,I can see quite a bit.
attractions,Pedestrian
attractions,It mve
attractions,Where is everybody? Is this real or a virtual brochure?
attractions,functional
attractions,It can provide an effective way to conduct business meetings and conferences without having to travel.
attractions,"It is an excellent way to stay connected to family and friends, even if they are far away."
attractions,color
attractions,Vast
attractions,Making me want to cool
attractions,Possible
attractions,The future
attractions,smart
attractions,so much blue color
attractions,I like seeing foreign places
attractions,Free footage!
attractions,Descriptive
attractions,architecture
attractions,Info
attractions,Views
attractions,Skyscrapers
attractions,3 D Effect
attractions,Abundant
attractions,Taking a vacation
attractions,Rich
attractions,Oasis
attractions,personal view
attractions,Point of view perspective
attractions,The decor looks nice
attractions,its new and updated
attractions,I would love to visit
attractions,Maybe I could go here someday!
attractions,I'd like to explore this with my family.
attractions,Overall it made me more inspired to visit Dubai
attractions,Definitely a place I have to visit
attractions,I would like to visit
attractions,I really want to go and visit Dubai now
attractions,I would love to go
attractions,Wanting to visit the beach
attractions,Might create desire to visit places
attractions,I wish I had the money to go on a big vacation
destination,It is an incredible technology that allows you to visualize through a computer the destination you would like to visit.
destination,It looked like a nice destination
destination,Able to see a travel destination
destination,This way can help people decide whether to visit the destination or not.
destination,A definite plus in helping with finding a destination to visit.
destination,Quick overview of potential vacation destination
destination,it's convenient to see possible destination choices
destination,easy to click icons to go to a new destination
destination,Had a lot of different clickable spots in each destination
destination,Each destination was clearly marked in a way that I recognize.
destination,It felt like I was immersed into the destination
experiences,It can be used to create exciting virtual experiences that can be shared with friends and family.
experiences,"is an immersive technology, you immerse yourself in a sea of visual sensations and new experiences"
interesting,The shots were mostly of interesting places
interesting,I was able to view some interesting sites
interesting,I can look inside various locations to see if they are interesting to visit in person
interesting,interesting how the camera was moving  on the video
interesting,Interesting location photos
interesting,The images were interesting
interesting,interesting
interesting,interesting
interesting,How interesting!
interesting,interesting
interesting,Interesting
interesting,looks very interesting
interesting,Interesting
interesting,It's interesting.
interesting,interesting
interesting,Interesting virtual tour
interesting,Was interesting seeing the sights of dubai
interesting,It's interesting
interesting,Interesting
interesting,Interesting
interesting,It was interesting.
interesting,Interesting
interesting,Interesting
interesting,interesting
interesting,Interesting
interesting,The sites looked interesting
interesting,Its an interesting way to explore places you might never go
interesting,Interesting night life
interesting,the museum looked interesting
interesting,Interesting arc6
interesting,Interesting idea
information,The information on the sites was good
information,Active experience rather than just passive information.
information,This method of visiting can give you a lot of information
information,useful information
information,The tour was easy to use and provided good information
information,Information Guide
information,information and description were easy to access
information,I like the floating things to show information
information,"I like that each scene has an information tab that gives you information about what it is, like the reason why it was built."
information,i liked the information tab as it gave helpful information
information,I like that there are information spots
information,I liked the ability to click on icons for more information
information,The icons made it feel like I could select items to find out more information.
information,I enjoyed how there were tags to mark what type of location the place is and gives you the information.
information,Lots of information bubbles
information,You could click and zoom in on items you wanted more information on.
information,There was interesting information available
technology,Interactive technology
technology,I love technology!
technology,Great Technology
technology,It is amazing that this technology exists to give me this experience
technology,This is great technology
technology,I should use VCR technology more often for other purposes as well.
technology,Virtual reality is awesome I love this technology
technology,The technology is great
technology,Great technology
technology,The technology is helpful.
technology,I would use this technology in more places
technology,The technology offers a good introduction to the area.
technology,this technology could help people decide whether they want to go to the places shown in VR tours
technology,The technology was easy flowing.
technology,Cool technology
technology,technology makes environments look cool
technology,It is of great importance this type of technology because in the past this incredible resource was not available
technology,Technology
buildings,It was cool seeing the view from the top of the buildings
buildings,"I found the interiors interesting, it was fun to see inside buildings I'll never visit"
buildings,I really like how they show they inside lobbies of hotels and other buildings
buildings,Liked being able to see inside some buildings
buildings,Being able to see inside the buildings
buildings,I appreciate that the tour actually went into buildings.
buildings,love to see the street view of buildings
buildings,beautiful  buildings
buildings,The vast amount of beautiful buildings
buildings,The look into the buildings was very immersive I got a detailed look into the building and the art works it offered.
buildings,The buildings were amazing
buildings,Exploring the interiors of certain buildings was appealing
buildings,The buildings interiors are pretty
buildings,lovely buildings
buildings,look at those tall buildings!
buildings,You can watch people jumping off buildings!
beautiful,"A lot of sceneries and options, I can visited most beautiful spots"
beautiful,It's beautiful
beautiful,very beautiful view
beautiful,Beautiful!
beautiful,This was very beautiful
beautiful,Beautiful
beautiful,Beautiful
beautiful,How incredibly beautiful it looked
beautiful,Beautiful
beautiful,Very beautiful
beautiful,beautiful
beautiful,Beautiful
beautiful,Beautiful
beautiful,Its beautiful
beautiful,Beautiful
beautiful,beautiful
beautiful,This is beautiful
beautiful,Beautiful
beautiful,Beautiful
beautiful,Beautiful surrounding waters
beautiful,the vista was beautiful
beautiful,how beautiful it was at night
beautiful,The sites were beautiful
beautiful,The scenery was beautiful I liked the high view
beautiful,The streets look beautiful
beautiful,Beautiful views
beautiful,Beautiful views
beautiful,Very beautiful landing page
beautiful,Beautiful camera views
beautiful,"The picture quality is just stunningly beautiful. Wow, that water is incredible."
beautiful,Beautiful place
beautiful,The city looked beautiful.
beautiful,I captured the beautiful waters and scenery.
beautiful,The place is beautiful.
beautiful,this is such an amazing beautiful place
beautiful,Very beautiful scenery
beautiful,Beautiful coast
beautiful,Beautiful architecture
beautiful,The water was beautiful
beautiful,Beautiful scenery
beautiful,The water was beautiful.
beautiful,"What a beautiful, vibrant city."
beautiful,The city was beautiful at night
beautiful,The landscapes on the virtual tour were beautiful.
beautiful,beautiful weather
beautiful,the ocean is beautiful
beautiful,Beautiful scenery
beautiful,the places were beautiful
beautiful,Beautiful sights
beautiful,Beautiful tropical scenery
beautiful,Beautiful at night
different,Showed different parts
different,Provided many different types of locations
different,It showed different locations
different,It showed a variety of different places
different,It showed several different destinations in Dubai
different,I liked that I could look at a lot of different things.
different,See a different part of the world
different,it could be helpful for showing people who can’t afford long distance travel different places in the world
different,Lots of different locations
different,I can get a good sense of where different locations are
different,It's flexible and adaptable. Everyone will have a different viewing experience that suits their needs.
different,I think this looks polished and I like being able to switch between so many different viewpoints. as well as suggested locations
different,Many different options to explore dubai
different,Different times of day were good too.
different,I like that the buttons highlighted so many different landmarks
different,It's cool that I can click on different spots.
different,glad it had clickable icons to see different kinds of places
different,Clear labels for different locations.
different,I liked the time lapse video of the city showing it at different times of the day
different,I thought the different viewing options where amazing!!
different,I can see things from a different perspective than I could in person
different,I like the different view options. The little planet view was very interesting.
different,A lot of options for different viewing modes
different,Different views were helpful.
different,I liked that it showed different attraction points.
different,it gives you different perspectives of each spot
different,You could probably visit the tour multiple times and get a completely different experience.
different,In this way s can attract more tourists as they can visualize the landscapes of the different places in the world.
different,Different cultures are there that differ greatly from my own.
different,I wish I had more ability to see different things
immersive,the panoramic view was immersive
immersive,I felt it could be more immersive as well
immersive,It is immersive
immersive,it panned through the scenes at a good pace to make it more immersive
immersive,Immersive
immersive,Immersive experience
immersive,immersive
immersive,Immersive
immersive,The experience feels immersive.
immersive,immersive
immersive,"It can provide an immersive experience for gaming, allowing players to interact with their favorite characters and worlds."
immersive,immersive
immersive,Immersive
immersive,It’s immersive
immersive,Immersive
immersive,I think this technology could feel immersive under the right circumstances
